customer_id,first_name,last_name,email,phone,city,state,zip_code,segment,created_at
CUST-0001,Danielle,Johnson,john21@example.net,001-581-896-0013x3890,South Bridget,MD,01352,Consumer,2025-09-03
CUST-0002,Erik,Henderson,eric51@example.org,(615)759-4078x1618,Lake Chad,CA,87174,Consumer,2024-01-31
CUST-0003,Keith,Miller,michellejames@example.com,+1-952-855-3419x2832,Veronicaside,NY,29286,Consumer,2025-06-14
CUST-0004,Megan,Parsons,lydiatrujillo@example.com,513-695-3767x242,Hurstfurt,MD,47948,Enterprise,2024-01-22
CUST-0005,Whitney,Hicks,camposmichelle@example.org,+1-326-691-6697x8480,Danielchester,IL,21231,Consumer,2024-10-04
CUST-0006,Stephanie,Liu,teresa28@example.org,+1-948-293-2528x8095,West Natashaport,WA,31886,Business,2023-07-29
CUST-0007,Natalie,Arroyo,dennislisa@example.net,001-822-778-2489x63834,Lammouth,VA,16361,Consumer,2024-02-22
CUST-0008,Caleb,Smith,briannasmith@example.net,+1-403-910-5183x4738,Port Thomas,MD,53855,Consumer,2023-12-21
CUST-0009,Collin,Jordan,ujenkins@example.org,+1-610-965-1333x87262,Port Sandra,NY,58583,Enterprise,2025-10-27
CUST-0010,Melissa,Garcia,novaksara@example.org,(267)873-6026,Saramouth,WA,37889,Consumer,2024-09-01
CUST-0011,Susan,Cowan,smoore@example.org,4982050097,Port Jacobland,IL,89002,Consumer,2025-12-25
CUST-0012,Richard,David,bethwilliams@example.org,(799)385-4353x46247,South Christineshire,IL,13605,Business,2023-08-15
CUST-0013,Jason,Baker,nicole35@example.com,(378)449-8084,Darrellville,NY,97811,Business,2025-01-21
CUST-0014,Joseph,Jacobs,james48@example.com,801-264-0052x427,North Sierraberg,WA,72012,Business,2023-07-05
CUST-0015,Mike,Tran,tanderson@example.com,4535315869,Port Lisa,VA,54541,Consumer,2023-06-23
CUST-0016,Jill,Cook,vpham@example.org,521-260-7337x543,South Mark,FL,09600,Business,2026-04-19
CUST-0017,Joshua,May,ifrazier@example.com,8147294019,Samuelhaven,CA,15658,Consumer,2024-07-21
CUST-0018,Barbara,Scott,zsmith@example.net,+1-835-661-5951x48465,East Robert,NY,50196,Business,2025-06-06
CUST-0019,Raven,Gilbert,richard04@example.com,969.495.7773,West Zacharymouth,MD,12741,Consumer,2025-11-08
CUST-0020,Karen,Chambers,lindsayhernandez@example.org,979.817.6936,East Diana,FL,01227,Consumer,2026-01-28
CUST-0021,Michelle,Mcclure,zrobinson@example.net,870.983.1727x88957,Lake Michelle,TX,59492,Business,2024-03-05
CUST-0022,John,Walsh,rsims@example.com,443-545-5812,Bensonborough,WA,08919,Business,2024-08-23
CUST-0023,Mark,Owens,clarkrobert@example.net,001-509-967-0546x688,West Ryan,VA,04305,Enterprise,2024-07-25
CUST-0024,Elizabeth,Yates,marycalhoun@example.net,+1-906-499-0162,West Nicholasborough,GA,60099,Enterprise,2024-05-18
CUST-0025,Kathleen,Gray,fking@example.com,5802531003,East David,MD,88248,Business,2023-09-29
CUST-0026,Stacie,Marshall,katie29@example.net,001-512-341-9049x6631,Melissaville,MD,74678,Enterprise,2025-09-29
CUST-0027,Michael,Patterson,casey50@example.com,916.857.2628x4987,Marcusbury,CA,11860,Enterprise,2024-03-27
CUST-0028,Shannon,Christensen,frogers@example.com,(273)554-5494,East Jenniferfort,WA,73269,Business,2025-09-03
CUST-0029,Hannah,Brewer,bwest@example.org,736-734-9578x8568,Nelsonview,WA,30718,Consumer,2023-10-06
CUST-0030,James,Wilson,jamesrodgers@example.com,001-498-694-1343x5240,North Angelaberg,MD,84107,Consumer,2026-01-01
CUST-0031,Travis,Salas,taylor75@example.org,2474116719,Port Anna,NY,40325,Business,2023-08-28
CUST-0032,John,Grant,yobrien@example.net,286.377.4964,Lake Jason,MD,87064,Consumer,2023-08-23
CUST-0033,John,Arnold,aaronhayes@example.net,340.534.4713x4936,West Margaret,MD,09860,Business,2023-07-31
CUST-0034,Laura,Larson,scott74@example.net,(248)387-7190x6594,Lake Mary,CA,75893,Business,2025-02-27
CUST-0035,Andrew,Hubbard,barbara27@example.net,+1-374-429-6717x5655,Robertfort,TX,38278,Consumer,2025-05-21
CUST-0036,Richard,Hodges,gibsonleonard@example.com,768-908-7603,Wolfborough,TX,35504,Business,2025-01-17
CUST-0037,Sara,Kim,omartinez@example.net,324.980.8613,Lake Marilynfort,NY,94427,Enterprise,2024-04-10
CUST-0038,Janice,Perry,pbaird@example.com,+1-826-739-8214,Loriport,CA,95665,Enterprise,2024-04-17
CUST-0039,Brenda,Duarte,cgrimes@example.net,855.288.6753x3963,Juliefurt,MD,51105,Enterprise,2026-05-13
CUST-0040,Laura,Pearson,tylerjohnson@example.net,001-851-471-8702,South Kimberlyview,DC,44876,Enterprise,2025-04-08
CUST-0041,Raymond,Miller,melissa86@example.com,+1-978-409-1343x1611,Rebeccaton,NY,43017,Consumer,2025-10-14
CUST-0042,Kelly,Brooks,johnjenkins@example.net,(422)519-6937,Littlemouth,GA,33967,Business,2025-05-26
CUST-0043,Rachel,Marshall,erica21@example.com,(894)764-7436x713,Victoriaport,CA,03376,Enterprise,2026-05-01
CUST-0044,Dominique,Hill,lozanojulie@example.com,001-739-453-3942x10470,West Markchester,IL,23522,Consumer,2024-01-01
CUST-0045,Kristin,Walter,alyssa42@example.com,245.617.1236x8516,South Miguelview,TX,77120,Consumer,2024-07-17
CUST-0046,Danielle,Watson,thomasharvey@example.net,393-517-4612x00471,South Shawn,NY,88382,Consumer,2026-03-31
CUST-0047,Heather,Fernandez,nicolepena@example.com,+1-764-205-3773x515,Hillville,TX,60101,Business,2023-09-04
CUST-0048,Jason,Fowler,williamsmatthew@example.org,001-431-283-9335,Micheleberg,CA,17539,Consumer,2025-01-07
CUST-0049,Lauren,Rodriguez,andersonmichael@example.org,001-350-324-0268,Weststad,NY,67772,Enterprise,2025-03-07
CUST-0050,Shannon,Walker,acostaregina@example.net,447.300.7661x77115,West Claudia,TX,77225,Consumer,2025-01-16
CUST-0051,Mark,Vang,shawn96@example.org,001-318-736-7365x766,Edwardsview,GA,49561,Business,2026-04-05
CUST-0052,Gloria,Wells,deckerchristopher@example.org,001-252-680-9885x1656,Michaelshire,GA,67008,Consumer,2024-01-14
CUST-0053,Diane,Walker,bellangela@example.org,001-649-636-8998x09402,Michaelburgh,CA,19277,Consumer,2025-02-05
CUST-0054,Richard,Thomas,davisalyssa@example.com,(275)325-4599x10229,Scottchester,NY,64157,Enterprise,2025-03-21
CUST-0055,Robert,Lewis,reeddaniel@example.net,+1-497-684-0369x00343,Marktown,IL,65694,Enterprise,2025-08-21
CUST-0056,Gregory,James,vincentwhitaker@example.com,860-860-7159,Robertsfurt,CA,03234,Enterprise,2026-04-18
CUST-0057,George,Meza,xcollier@example.org,(313)369-6816x45352,Port Michael,WA,95840,Business,2026-04-10
CUST-0058,Debbie,Hernandez,thomasjames@example.net,(712)777-9979,South Carlos,WA,58462,Business,2025-04-17
CUST-0059,Laura,Vargas,william47@example.com,8059411998,South Reginashire,TX,85938,Consumer,2023-12-19
CUST-0060,Cassidy,Mason,hayeslisa@example.com,001-718-720-3778x892,Paulmouth,DC,89485,Enterprise,2025-03-11
CUST-0061,Kristina,Holland,riveraangela@example.com,349-625-1925x4629,Schneidermouth,GA,17251,Consumer,2025-05-29
CUST-0062,Maria,Rodgers,lucasrodney@example.com,4544235733,West Meganville,VA,67044,Consumer,2025-09-17
CUST-0063,Mary,Stephenson,stanleynancy@example.net,(296)822-2927,Ericabury,DC,58723,Enterprise,2025-03-25
CUST-0064,Karen,Bowers,amandacollins@example.com,859.477.4688,Port Cassandra,DC,33269,Enterprise,2023-07-23
CUST-0065,Timothy,Watson,dawsonzachary@example.org,812-247-8261x3750,Shawbury,FL,51116,Enterprise,2026-05-20
CUST-0066,Nicholas,Johnson,combsdebra@example.org,(304)272-7790,Jasonberg,MD,72433,Business,2026-03-21
CUST-0067,Chelsea,Henderson,john10@example.org,(897)211-7980x89324,Johnchester,FL,25052,Enterprise,2025-05-23
CUST-0068,Christopher,Villegas,ashleyamy@example.net,+1-706-370-6540,Johnville,GA,76772,Enterprise,2025-08-09
CUST-0069,Marvin,Williams,lisa27@example.net,822.917.0430x3054,Benjaminborough,CA,38002,Enterprise,2024-06-20
CUST-0070,Kimberly,Glenn,joshua56@example.com,001-876-452-7758x4161,Manuelland,VA,43482,Enterprise,2025-05-19
CUST-0071,Kirk,Morrison,cjackson@example.com,205.496.4016x582,Johnsonland,MD,31433,Enterprise,2025-09-25
CUST-0072,Michael,Reyes,jacobserika@example.com,(271)492-8565x431,Holmesside,IL,15936,Business,2024-03-08
CUST-0073,Jorge,Griffin,heather73@example.org,(617)627-1551,Lake Jenna,TX,92280,Consumer,2025-04-24
CUST-0074,Laura,Hicks,gallowaylaura@example.org,805.989.5782x9114,Hammondshire,CA,10167,Business,2023-10-11
CUST-0075,Logan,Jones,wfrazier@example.org,001-789-522-6801x82422,Staceyhaven,DC,37731,Business,2025-12-08
CUST-0076,John,Reid,david49@example.net,782-299-2299,North Brandonshire,VA,35189,Enterprise,2025-05-08
CUST-0077,Katie,Butler,jimenezcourtney@example.com,+1-947-536-4710x2767,Catherinemouth,CA,94658,Enterprise,2024-05-10
CUST-0078,Vanessa,Reed,xanderson@example.net,+1-415-337-1473,West Soniachester,DC,33042,Enterprise,2026-04-15
CUST-0079,Rachel,Li,james27@example.net,774.270.1687x339,West Troyfort,MD,37954,Enterprise,2025-01-03
CUST-0080,Melanie,Jordan,jessica65@example.org,(609)383-5841x6878,North Phillip,CA,44945,Enterprise,2025-01-26
CUST-0081,Michael,Thomas,cporter@example.org,(757)787-2982,South Vicki,IL,97405,Enterprise,2025-12-04
CUST-0082,Brittney,Romero,terickson@example.com,9556169409,Lake Brett,NY,63474,Consumer,2023-11-29
CUST-0083,Cristina,Harvey,rhernandez@example.org,8915307562,Shawfort,TX,96948,Consumer,2025-07-31
CUST-0084,Janice,Stone,whitney78@example.com,627-585-8549x73348,Kellieborough,IL,90972,Enterprise,2025-07-06
CUST-0085,Logan,Bailey,keith98@example.com,(652)640-4157x4733,North Christina,VA,77418,Enterprise,2024-02-13
CUST-0086,Brent,Stein,danawilliams@example.com,271-320-8267x73454,New Joanne,TX,05389,Business,2026-02-19
CUST-0087,Gregory,Khan,sarahjohnson@example.com,924.400.4991x5478,Nelsonville,VA,43844,Consumer,2023-11-20
CUST-0088,Stephen,Scott,alexisrogers@example.com,001-832-396-6851,East Thomas,TX,33013,Business,2023-06-03
CUST-0089,Patrick,Griffin,stephanie49@example.net,001-404-853-0174,Hannahport,NY,48675,Consumer,2025-03-30
CUST-0090,Jeffrey,Anderson,spencerzhang@example.com,(387)283-3918x78519,New Amanda,NY,22067,Enterprise,2024-05-20
CUST-0091,Abigail,Wilson,jenniferburns@example.net,207.828.6790x874,Lisaborough,MD,76301,Consumer,2023-08-14
CUST-0092,Rodney,Graves,michaelcesar@example.com,8468226567,Lake Tamaraside,GA,17932,Consumer,2025-05-11
CUST-0093,Michael,White,urice@example.org,5049786863,Ericborough,IL,95531,Consumer,2025-09-11
CUST-0094,Antonio,Keller,allencarlos@example.net,5792030673,New Victoria,DC,31193,Enterprise,2025-11-05
CUST-0095,Jessica,Flores,joel28@example.org,(744)808-9268x70568,Hernandezfurt,GA,24602,Enterprise,2025-08-30
CUST-0096,Thomas,Atkinson,meredith27@example.org,+1-566-788-2634,South Melanieland,DC,70707,Business,2025-07-28
CUST-0097,James,Adams,russojacob@example.net,001-583-873-5403x3173,New Marc,IL,37602,Enterprise,2024-07-16
CUST-0098,Amanda,Howard,michael77@example.org,001-875-635-5609x3204,East Mark,FL,50287,Consumer,2025-02-08
CUST-0099,John,Pierce,jonathan77@example.com,(252)328-7280,Port Adamberg,IL,83168,Enterprise,2024-02-04
CUST-0100,Jasmine,Smith,nbrooks@example.net,+1-697-270-0886x00848,Drakeburgh,NY,14527,Enterprise,2026-02-25
CUST-0101,Alice,Allen,lisa46@example.org,(867)993-3410x166,Lake Albertburgh,CA,11338,Business,2024-11-24
CUST-0102,Ryan,Mueller,jacobsonsamantha@example.org,297.440.1489,Alexisborough,TX,77444,Business,2023-10-31
CUST-0103,Lori,Nicholson,evansanne@example.net,(785)862-1850x1631,Anthonyview,IL,59555,Business,2024-11-14
CUST-0104,Michael,Pugh,llopez@example.net,(719)343-1142x6265,North Sherrymouth,MD,47676,Consumer,2025-09-06
CUST-0105,Curtis,Miller,jcole@example.net,(810)315-8199x56046,New Adriana,NY,90326,Consumer,2024-07-16
CUST-0106,Dominic,Turner,kthomas@example.com,964-371-5437x993,West Adam,TX,52365,Consumer,2024-05-24
CUST-0107,Christine,Brock,scott69@example.org,759-837-5265x4793,Lisafurt,WA,48344,Enterprise,2023-09-28
CUST-0108,Anne,Vargas,erinpierce@example.net,837.841.6724x342,South Vickifort,NY,76816,Enterprise,2024-08-07
CUST-0109,William,Knapp,ystephens@example.com,001-789-811-3529x096,North Coreybury,NY,67436,Consumer,2025-08-21
CUST-0110,Angela,Watts,seanmyers@example.net,001-382-350-7146,West Larry,MD,60182,Enterprise,2025-10-01
CUST-0111,Adriana,Bailey,kimheather@example.com,440-410-5123,Anitamouth,VA,30890,Consumer,2025-10-16
CUST-0112,Crystal,Lopez,vfoster@example.net,379.366.0334,West Mark,MD,60473,Consumer,2023-09-28
CUST-0113,Emily,Burns,candice96@example.net,355-479-2499,Davidport,TX,15829,Consumer,2023-12-13
CUST-0114,Heather,Dixon,kcarlson@example.com,(227)782-8274x22579,South Derrickfurt,IL,74108,Consumer,2024-11-30
CUST-0115,Troy,Cohen,cmckinney@example.com,(619)403-4043,Cunninghamfort,CA,72554,Enterprise,2024-12-06
CUST-0116,Ashley,Adams,amber07@example.net,361.934.0745,Port Lisaborough,GA,97181,Consumer,2025-02-28
CUST-0117,Michael,Page,imartin@example.org,709.658.4982,Ashleyhaven,IL,89538,Consumer,2025-11-04
CUST-0118,Derek,Brady,rsellers@example.net,(623)825-3672,Hayesland,WA,53303,Enterprise,2024-12-11
CUST-0119,Joshua,Mayer,shawn75@example.net,5179518636,Marcusport,GA,44771,Consumer,2025-01-15
CUST-0120,David,Phelps,patricia00@example.org,+1-670-312-7706x3242,Johnstad,GA,87599,Business,2026-02-09
CUST-0121,Gabriel,Sanders,jessica36@example.net,910-237-1293,Lake Matthewville,NY,55854,Consumer,2025-06-24
CUST-0122,Tim,Perez,crosscurtis@example.com,(942)762-2189x092,Lake Kaitlin,MD,54464,Enterprise,2025-03-31
CUST-0123,Scott,Robinson,taylordavid@example.net,(656)252-3413x8999,Jamiehaven,FL,25227,Business,2025-08-22
CUST-0124,Kenneth,Brown,troyrodriguez@example.com,+1-491-980-5526x9658,North Brendatown,FL,34866,Business,2024-01-18
CUST-0125,Sandra,Fry,ohunter@example.net,566.461.8892x41418,Peterland,GA,41155,Enterprise,2025-06-30
CUST-0126,Jessica,Mathis,sanchezsandy@example.org,799.604.2102x027,West David,VA,35728,Enterprise,2025-08-06
CUST-0127,David,Yoder,lindsay48@example.org,491-677-8507x925,New Emilyville,MD,30438,Consumer,2025-08-15
CUST-0128,Aaron,Trevino,sanchezthomas@example.com,(720)686-3536,New Nathanhaven,FL,88755,Enterprise,2026-02-07
CUST-0129,Harry,Brock,finleycasey@example.com,545-918-7053x4949,Brittanyfort,TX,26115,Consumer,2025-08-06
CUST-0130,Amy,Flynn,adamortiz@example.org,+1-550-850-6413,Woodwardberg,NY,93778,Consumer,2024-03-28
CUST-0131,Bradley,Hall,xhaynes@example.com,001-519-618-2619x9062,Melissafurt,NY,92346,Enterprise,2025-11-22
CUST-0132,Mark,Chavez,charlesharris@example.net,721-527-7561,Parkerview,GA,16218,Consumer,2023-09-03
CUST-0133,Lindsey,Torres,lewismelissa@example.org,235-868-0442,Hawkinsside,FL,33249,Consumer,2023-09-07
CUST-0134,Curtis,Leon,smithmaria@example.org,(236)351-9941,Lake Scott,CA,17381,Business,2023-09-04
CUST-0135,Melanie,Lamb,williamssteven@example.org,001-566-470-6625,Joshuaberg,NY,05042,Consumer,2025-03-29
CUST-0136,Christina,Holland,jjenkins@example.com,2148626383,Timothyfort,GA,45594,Enterprise,2026-02-19
CUST-0137,Wayne,Price,anthonyharper@example.org,001-240-578-5932x13348,Kellyburgh,MD,23582,Consumer,2024-02-10
CUST-0138,Louis,Rojas,robin05@example.net,001-229-337-8427,East Carolyntown,IL,69503,Consumer,2024-10-31
CUST-0139,Martin,Mendez,matthewthompson@example.com,7028921851,West Kevinberg,MD,21145,Consumer,2025-08-05
CUST-0140,Samuel,Fowler,lbanks@example.net,+1-495-439-2644,Lake Stacyfurt,DC,74882,Business,2023-07-01
CUST-0141,Carrie,Mccall,daniellegarcia@example.com,(951)235-5215,Jasonland,GA,46439,Business,2024-03-03
CUST-0142,Daniel,Smith,akim@example.org,(676)258-6179x32710,Joseville,NY,10226,Business,2024-06-04
CUST-0143,Pamela,Martin,paynerachael@example.org,599-870-6296x20153,Donnaport,VA,31636,Consumer,2023-09-09
CUST-0144,Philip,Dunn,xhernandez@example.org,(614)897-3103x24171,Burnsview,FL,12446,Consumer,2025-04-28
CUST-0145,Paul,Watson,cwood@example.org,877-543-4902x115,Port Paulhaven,FL,55371,Business,2026-04-18
CUST-0146,Gloria,Mayer,thomasmiller@example.net,4894899217,Port James,GA,06094,Business,2024-09-01
CUST-0147,Vanessa,Graham,maryscott@example.net,916-286-8548,Rodriguezberg,FL,19925,Enterprise,2025-02-05
CUST-0148,Brandi,Hanna,buckleyanna@example.org,885-464-6799x7024,Williamsmouth,IL,91008,Enterprise,2024-02-11
CUST-0149,Julie,Mccall,andrew44@example.com,513.824.7546x9137,Malonestad,GA,07868,Consumer,2024-12-11
CUST-0150,Erik,Collins,htaylor@example.net,7235303070,Michealmouth,NY,66708,Business,2024-08-03
CUST-0151,Sandra,Maldonado,nathanwheeler@example.org,598.555.2414x0602,Lake Jamie,NY,85905,Consumer,2024-08-17
CUST-0152,Andrew,Deleon,wellsdavid@example.org,+1-503-949-4466x574,Ericafurt,WA,77110,Enterprise,2023-09-16
CUST-0153,William,Bates,anna99@example.com,517-215-4544x4328,Guerreroberg,IL,95041,Consumer,2023-06-23
CUST-0154,Tyler,Phillips,vsullivan@example.org,001-693-453-8758,West Connor,TX,17270,Consumer,2025-08-15
CUST-0155,Jessica,Hansen,staceylam@example.net,635-934-6554,South Brianshire,VA,76563,Enterprise,2026-03-26
CUST-0156,Charles,Preston,dillonpatrick@example.com,(702)423-5697x25217,Cynthiatown,GA,59752,Enterprise,2024-03-21
CUST-0157,Kathleen,Jackson,tracygallagher@example.org,(296)566-6760,Stephaniemouth,IL,99702,Consumer,2025-11-24
CUST-0158,James,Rhodes,jeremywiley@example.com,(616)689-4210,Lunahaven,VA,44781,Enterprise,2024-09-12
CUST-0159,Gloria,Anderson,mhoward@example.org,(803)632-3098x2150,New Virginiaville,MD,86165,Consumer,2025-11-27
CUST-0160,Brandon,Wilson,jjames@example.com,323.304.6184x9926,Danielville,MD,65740,Enterprise,2023-12-30
CUST-0161,James,Baker,michaelortiz@example.org,3873375300,Hernandezland,MD,67571,Enterprise,2023-08-17
CUST-0162,Jennifer,Conway,stephenmadden@example.com,201.420.4556x110,West Michael,NY,57873,Business,2026-04-06
CUST-0163,Joseph,Quinn,lisa21@example.com,(974)967-6212x0216,New Noah,MD,47503,Enterprise,2025-03-26
CUST-0164,Michelle,Hobbs,timothyfreeman@example.com,301.845.0899x358,South Michael,NY,89144,Enterprise,2025-04-28
CUST-0165,Edgar,Serrano,smithsarah@example.net,872.817.5354x0838,North Stephen,WA,75609,Consumer,2024-09-28
CUST-0166,Melissa,West,hooperjulie@example.org,666-508-8019,Clementsstad,WA,07614,Consumer,2025-11-06
CUST-0167,Megan,Rivera,xmoran@example.net,211.430.5548x851,Taylorchester,FL,14520,Enterprise,2024-02-29
CUST-0168,James,Martinez,ylewis@example.org,001-951-260-9177x982,New Savannahshire,WA,63799,Enterprise,2026-03-04
CUST-0169,Kimberly,Kent,jessicaanderson@example.com,+1-499-458-6693x46547,Morrisonhaven,IL,39680,Business,2025-12-05
CUST-0170,Amy,Edwards,jamesweber@example.com,+1-652-828-8515x87996,New Danielfurt,CA,19549,Consumer,2023-07-24
CUST-0171,Brian,Adams,tonyavega@example.org,5438805719,New Kristen,TX,91743,Consumer,2024-04-05
CUST-0172,Elizabeth,House,ybutler@example.net,580-604-3973x59893,Thompsonland,CA,25008,Business,2026-04-14
CUST-0173,Jill,Wilson,pattersonangela@example.org,(794)205-7202,Tracyshire,DC,72611,Enterprise,2024-06-22
CUST-0174,Kristen,Stewart,susanmeyer@example.net,(768)786-1533,Kellyhaven,CA,62741,Business,2026-05-22
CUST-0175,Madison,Zavala,wilsonmichael@example.org,+1-799-930-5616x4840,Williamsborough,TX,42485,Consumer,2024-12-09
CUST-0176,Stacy,Jackson,simsjason@example.net,001-336-213-8612x07501,Port Johnathan,VA,09733,Business,2025-02-14
CUST-0177,Jeremy,Green,zhayes@example.com,606-618-0919x01581,West Kathymouth,WA,50493,Enterprise,2024-08-01
CUST-0178,Donna,Wells,derekmyers@example.net,824-350-8821x0099,Jasonstad,MD,28253,Consumer,2024-08-20
CUST-0179,Debbie,Hunt,jackjensen@example.com,612.390.8781,Coreyshire,IL,64358,Consumer,2026-04-02
CUST-0180,Michael,Lambert,craigharvey@example.org,277-759-4929x95562,Port Jeffrey,IL,97470,Business,2025-04-27
CUST-0181,Joshua,Ward,natalie77@example.com,001-347-281-2914x28341,Port Bonniefurt,DC,77838,Business,2024-01-14
CUST-0182,Benjamin,Green,jvaldez@example.com,(539)442-7881x6580,South Erik,MD,74734,Consumer,2026-03-30
CUST-0183,Donna,Faulkner,ccrosby@example.org,001-273-214-5303x85677,Dakotahaven,TX,83543,Business,2025-11-20
CUST-0184,Mary,Baker,nicholasgray@example.net,+1-218-446-3865x5779,Martinland,DC,67942,Business,2025-04-30
CUST-0185,Jason,Lopez,carolyn13@example.com,417-477-3926x03029,New Dylanburgh,IL,34351,Enterprise,2026-03-02
CUST-0186,Zachary,Sullivan,johnsjessica@example.com,437-497-7236,Garymouth,CA,59938,Enterprise,2025-03-10
CUST-0187,Casey,Gray,danielharris@example.net,+1-962-491-2799x08811,Port Erikachester,IL,68926,Consumer,2024-08-29
CUST-0188,Nancy,Wolfe,zperez@example.com,001-865-699-1624x73149,North Jenna,IL,01433,Business,2025-02-17
CUST-0189,David,Smith,gwendolynstewart@example.com,726-694-4869,Fischerchester,MD,72866,Consumer,2025-10-01
CUST-0190,Timothy,Wood,tking@example.net,(262)413-7213x865,Oconnelltown,CA,12440,Consumer,2025-11-13
CUST-0191,Thomas,Burke,brownjeffrey@example.org,+1-206-569-8490x277,Jameshaven,MD,68109,Enterprise,2025-06-29
CUST-0192,Christina,Craig,john02@example.org,665-766-9380x118,Sylviaview,IL,30162,Consumer,2025-03-20
CUST-0193,James,Spears,greenrichard@example.org,+1-618-945-1848,Hartbury,CA,99784,Business,2024-06-01
CUST-0194,Kimberly,Maldonado,olsonjonathan@example.com,+1-833-756-5880x4341,New Sarahfort,WA,41640,Consumer,2024-06-17
CUST-0195,Patricia,Adams,victorgonzalez@example.net,343.333.3952,Lake Stephaniefort,TX,80956,Consumer,2023-06-03
CUST-0196,Mercedes,Rubio,uwatson@example.com,001-447-228-4639,Mendozaside,CA,04769,Enterprise,2024-11-27
CUST-0197,Phillip,Parks,stephenmartinez@example.net,450.603.6915x594,West Thomas,GA,80859,Business,2024-06-05
CUST-0198,Ivan,Coleman,xhaynes@example.com,(847)529-2931x4386,Port Susan,VA,20102,Consumer,2024-10-25
CUST-0199,Alec,Fisher,wendyatkinson@example.net,+1-357-444-8906,East Lisafort,FL,83058,Business,2023-09-09
CUST-0200,Julie,Green,ann45@example.org,(915)393-9982x45587,Austinmouth,VA,83300,Consumer,2026-04-08
CUST-0201,Miranda,Davidson,robert99@example.com,812-653-5544,Normanstad,TX,98529,Consumer,2025-02-27
CUST-0202,Tammy,Gutierrez,melissamartinez@example.org,+1-341-332-6111x78006,Christineland,CA,86331,Consumer,2026-03-12
CUST-0203,Peter,Perez,scott22@example.net,(900)455-7784,New Carla,GA,83213,Enterprise,2025-08-24
CUST-0204,Natalie,Graham,regina78@example.org,274-456-4240,Justinside,FL,01591,Enterprise,2025-06-18
CUST-0205,Travis,Campos,albert64@example.net,508.453.6866,Claytonbury,VA,34970,Consumer,2023-08-21
CUST-0206,Colleen,Black,justin84@example.com,612.924.1797,West Andrew,MD,07006,Enterprise,2026-04-22
CUST-0207,Andrew,Compton,joseph70@example.org,720-973-5647,West Christopherberg,DC,07846,Enterprise,2024-03-13
CUST-0208,Philip,Daniels,jamesskinner@example.com,3135673037,Priceport,VA,42845,Business,2023-11-16
CUST-0209,Jessica,Garner,kingdanielle@example.org,(803)513-6502x491,North Biancafort,WA,90731,Enterprise,2025-03-09
CUST-0210,Nathan,Davis,vincentparks@example.com,001-500-252-8127x35857,Howardberg,DC,33360,Business,2026-02-04
CUST-0211,Todd,Kim,amy73@example.net,(385)457-4982,Phillipsview,DC,71490,Consumer,2024-07-01
CUST-0212,Aaron,Little,bgross@example.net,(693)751-8638x782,Davidsonville,CA,13117,Business,2024-12-19
CUST-0213,Carl,Conley,gregoryjohnson@example.org,531.309.6789x9405,East Dianaland,VA,61850,Business,2025-10-20
CUST-0214,Bruce,Grant,yshort@example.net,3943801413,New Paul,NY,25813,Enterprise,2024-12-23
CUST-0215,John,Garrett,angelagrant@example.net,895-776-1228,New Yesenia,NY,58567,Enterprise,2026-03-14
CUST-0216,Rachel,Pierce,megan66@example.net,293-698-3684x57760,New Derekport,MD,01361,Business,2024-04-19
CUST-0217,Jeffrey,Foley,ingramsherry@example.com,+1-788-499-2107,West Michael,IL,76805,Business,2024-02-24
CUST-0218,Jonathan,Evans,ncarroll@example.net,257-827-9194,Port Brianmouth,WA,46104,Enterprise,2026-01-14
CUST-0219,Ryan,Conrad,kanejeremy@example.net,+1-506-404-8058x925,Lake Jessicafurt,DC,58908,Consumer,2025-08-28
CUST-0220,Barbara,Davis,zroberts@example.org,(351)879-0864,Ayalaberg,DC,18178,Consumer,2024-11-03
CUST-0221,James,Foster,annshea@example.net,831.846.5911,Michaelmouth,FL,45658,Consumer,2025-03-07
CUST-0222,Andrew,Torres,christina79@example.org,603.235.2110x392,Heatherville,DC,40493,Enterprise,2024-09-30
CUST-0223,Andrew,Clark,jamesmills@example.com,+1-679-420-6980,West Jamesview,TX,07458,Business,2024-10-17
CUST-0224,Sierra,Jones,elizabeth51@example.org,963-268-1579x8123,East Sandraport,NY,44222,Business,2024-11-13
CUST-0225,Julie,Smith,michael43@example.net,304-860-8432x562,South John,DC,20522,Enterprise,2024-09-04
CUST-0226,Larry,Jacobs,ndaniels@example.net,(498)432-4826,Carlosside,MD,94799,Business,2023-10-03
CUST-0227,Lonnie,Hobbs,cannonnicole@example.com,(547)542-3122x09949,Lake Anthony,VA,10918,Business,2025-06-18
CUST-0228,Thomas,Shaw,xjoseph@example.org,(577)522-3306x0463,East Saramouth,NY,81380,Consumer,2024-11-13
CUST-0229,Mark,Ellis,ronaldparsons@example.net,001-965-269-9988x0817,New Amanda,GA,96861,Business,2023-07-08
CUST-0230,Paul,Hubbard,leescott@example.com,001-347-426-4908x27718,South Robert,CA,59599,Consumer,2023-06-23
CUST-0231,Shawn,Mosley,nicoledavis@example.com,001-421-811-7518x689,Williamsburgh,NY,44435,Consumer,2025-02-04
CUST-0232,Donna,Hernandez,haroldjoseph@example.com,947-942-1230x9407,New Nicolebury,NY,28927,Business,2025-03-01
CUST-0233,Thomas,Ortiz,burkeadam@example.net,698-730-2205x020,North Danielburgh,TX,21647,Business,2025-05-31
CUST-0234,Cheryl,Holt,tammycurry@example.com,3146556168,Taylorview,MD,43651,Business,2024-12-24
CUST-0235,Alicia,Dominguez,rodriguezjessica@example.net,917.994.6954x89952,Mortonbury,TX,93376,Enterprise,2024-04-09
CUST-0236,James,Wilson,hgarrett@example.net,296.560.5583,Jonathanland,IL,40841,Business,2024-04-19
CUST-0237,Andrea,Wang,jenningsmatthew@example.net,001-290-423-5577,Mooremouth,IL,70882,Business,2026-02-01
CUST-0238,Steven,Olsen,conleykevin@example.net,+1-858-480-3955x12405,Lopezville,VA,99006,Consumer,2024-04-28
CUST-0239,Michaela,Mckinney,robert73@example.com,243.984.2150x317,East Matthew,CA,63870,Consumer,2025-08-06
CUST-0240,Alexandra,Rowe,kaylagarcia@example.net,+1-923-207-6810x40915,New Katieport,WA,03447,Business,2025-02-17
CUST-0241,Larry,Mcclain,james44@example.net,771-742-2410x98813,Donaldport,VA,75747,Consumer,2024-02-19
CUST-0242,Charles,Austin,amber02@example.org,701.660.1662x9979,Lisaside,WA,10796,Business,2026-04-27
CUST-0243,Katelyn,Owens,christopherlang@example.net,817.447.7332x945,Kristinamouth,TX,59913,Enterprise,2024-11-10
CUST-0244,Cameron,Rodriguez,kmurray@example.com,001-959-892-8161x58148,Allenbury,TX,72321,Business,2023-11-17
CUST-0245,Timothy,Jones,lisagarza@example.com,001-958-732-1971,Port Seanport,WA,53689,Enterprise,2023-08-11
CUST-0246,Daniel,Cervantes,pmurphy@example.net,6138290227,Gonzalezmouth,MD,39787,Business,2025-02-09
CUST-0247,Robin,Torres,wrobbins@example.org,001-209-286-2405,Danielport,WA,04588,Consumer,2024-02-08
CUST-0248,Jacqueline,Long,jennifer66@example.com,+1-832-472-3865,Whitneyberg,CA,18101,Consumer,2023-06-08
CUST-0249,Deborah,Thomas,ibarrett@example.org,(867)996-9278,Kellyburgh,FL,56176,Consumer,2025-03-19
CUST-0250,Becky,Bradford,jenniferadams@example.net,001-950-309-7519,Lake Jessica,IL,98881,Enterprise,2025-09-25
CUST-0251,Steven,Miller,sanchezcrystal@example.net,+1-718-894-9058x07787,Susanport,NY,38408,Business,2023-11-26
CUST-0252,Heather,Harper,jessica94@example.org,+1-379-629-0490x4712,Davidview,FL,36574,Consumer,2025-12-21
CUST-0253,Alexis,Rodriguez,reneestevenson@example.net,452.943.7280x512,Townsendbury,TX,87095,Enterprise,2024-09-20
CUST-0254,Dana,Clark,brian41@example.org,(876)974-7836,Dustinchester,TX,02055,Enterprise,2024-04-07
CUST-0255,Laura,Reyes,suzanne01@example.net,+1-556-594-5441x4967,Ericaburgh,MD,41561,Enterprise,2025-01-15
CUST-0256,Emily,Decker,jenkinsalicia@example.net,553.344.3009x109,North Melissaberg,CA,49778,Enterprise,2025-05-14
CUST-0257,Rachel,Knight,pauladominguez@example.com,871-774-6542x1406,West Stephanieview,CA,23822,Enterprise,2024-09-20
CUST-0258,Travis,Mcfarland,fwhite@example.org,(286)339-1741,New Jessicamouth,FL,02960,Business,2026-02-01
CUST-0259,Eduardo,Bowman,ortegajoseph@example.net,969-308-7766x18306,Mathewport,FL,53010,Enterprise,2023-07-26
CUST-0260,Wendy,Holland,amanda51@example.com,001-943-528-0634x61571,North James,CA,94838,Enterprise,2026-05-22
CUST-0261,John,Price,victor70@example.org,205-406-1387x82931,Valdezfort,DC,81552,Consumer,2023-07-16
CUST-0262,Jacqueline,Anderson,cynthiaconway@example.org,592.891.1179x931,Lisafurt,FL,42999,Enterprise,2023-10-06
CUST-0263,Gabrielle,Gardner,mary30@example.net,(451)914-2625,New Billy,FL,13603,Enterprise,2025-10-09
CUST-0264,Crystal,Bennett,alexistucker@example.org,4216946723,Jenkinsburgh,DC,80525,Enterprise,2025-06-22
CUST-0265,Caitlyn,Love,burtonkimberly@example.com,(508)633-1819x58837,East Danielberg,WA,90317,Business,2025-12-05
CUST-0266,Rhonda,Jimenez,elizabethwilliams@example.net,(443)464-5970x108,South Zacharyland,FL,31342,Enterprise,2025-07-24
CUST-0267,Brittany,Nguyen,julievillanueva@example.org,001-215-831-3636x31797,East Sarah,VA,60137,Business,2023-12-07
CUST-0268,Nathaniel,Ellis,crystalcantrell@example.org,620-490-4217x76253,New Tara,CA,30608,Consumer,2023-08-29
CUST-0269,Melody,Burns,brittanyhood@example.com,4632356939,Bairdton,FL,62190,Enterprise,2025-08-07
CUST-0270,William,Simmons,zmendoza@example.net,477-731-8063,Johnland,WA,02588,Enterprise,2024-11-02
CUST-0271,Kevin,Warner,braysteven@example.org,001-862-657-0165x804,Port Gail,TX,81825,Business,2026-01-15
CUST-0272,Jill,Brown,pamela16@example.com,590.355.2818x325,Mclaughlinshire,GA,92624,Business,2024-01-11
CUST-0273,Julie,Perez,rachael86@example.com,9156577881,Oliverland,NY,25188,Enterprise,2026-01-27
CUST-0274,Stephen,Miller,keithfrye@example.org,(641)827-2380,South Michael,GA,58678,Enterprise,2025-08-11
CUST-0275,Andrew,Lopez,wigginsjesse@example.net,+1-456-695-5798x8774,Port Jordan,DC,63971,Enterprise,2024-07-07
CUST-0276,Keith,Bruce,michaelbryant@example.org,+1-428-942-2223x105,Mikeborough,MD,74227,Business,2025-07-09
CUST-0277,Elizabeth,Spence,nathanfernandez@example.org,+1-441-206-7275,Deborahport,IL,62617,Enterprise,2026-02-01
CUST-0278,Tara,Webster,laurenchandler@example.com,317-702-8140x69375,New Danielleshire,WA,69501,Business,2024-01-25
CUST-0279,Shari,Ramirez,millermelissa@example.net,+1-818-763-7599x80562,Watsonport,MD,45710,Consumer,2024-06-14
CUST-0280,Tiffany,Sawyer,lewispamela@example.net,(774)326-6299x12347,Davischester,CA,84230,Consumer,2026-02-21
CUST-0281,Robert,Peters,jamescollier@example.com,+1-570-249-4787,East Josefort,NY,16777,Consumer,2025-05-11
CUST-0282,Patricia,Butler,pknox@example.org,8146719597,Mccannville,VA,49417,Consumer,2024-12-08
CUST-0283,Barbara,Bruce,bonniethomas@example.com,001-325-520-4565x044,Port Cody,NY,99149,Business,2023-11-26
CUST-0284,Marcus,Stewart,joseph51@example.net,001-852-702-8457,North Jeffery,WA,66480,Consumer,2024-01-24
CUST-0285,Jacob,Prince,butlersabrina@example.org,(707)454-5279,Anthonyville,GA,29645,Business,2023-10-14
CUST-0286,Heather,Watts,david21@example.com,001-211-907-6031x089,West Bradleyport,WA,88002,Consumer,2023-06-07
CUST-0287,Colin,Martinez,brianagonzalez@example.net,(301)324-9552x893,New Jayborough,FL,37444,Business,2023-12-01
CUST-0288,Karen,Smith,glasssamantha@example.net,859.327.1256x6383,Davidville,FL,68622,Consumer,2023-10-22
CUST-0289,Kathryn,Bush,millertristan@example.com,779-447-3864x6317,Lake Travisville,DC,52453,Enterprise,2024-09-17
CUST-0290,Donna,Miller,ralphneal@example.org,001-621-653-5396x1367,Kellyfurt,VA,64009,Consumer,2024-12-06
CUST-0291,Dylan,Gibson,kingtyler@example.net,(701)401-7026,Christyville,FL,10530,Consumer,2025-05-19
CUST-0292,April,Vasquez,qharris@example.com,784.885.8800x6167,Stevenston,DC,23683,Enterprise,2025-01-25
CUST-0293,Michelle,Turner,travistaylor@example.net,(271)897-8897x7828,Troyfurt,IL,81364,Business,2025-06-05
CUST-0294,Katie,Mitchell,johnsonbrandon@example.com,(590)556-1655x650,Lake Larry,VA,11634,Enterprise,2026-02-16
CUST-0295,Cameron,Torres,geoffrey85@example.org,869.786.4079x056,Port Tracyborough,NY,44536,Consumer,2024-11-20
CUST-0296,Lisa,Contreras,christinacox@example.com,871.583.4404,Lake Meganville,GA,78077,Consumer,2024-05-29
CUST-0297,Carlos,Solis,wsimmons@example.org,+1-948-446-8536x6498,Lake Jacquelineburgh,GA,76109,Enterprise,2024-11-23
CUST-0298,Donna,Holloway,oadams@example.net,+1-869-808-3572x324,Michelleland,IL,83591,Enterprise,2024-01-04
CUST-0299,Robert,Colon,jonathanburke@example.com,812.830.3477,East Erikberg,WA,04320,Business,2024-03-04
CUST-0300,Linda,Hopkins,dawnwilliams@example.net,500.315.9416x5162,New Elizabethshire,GA,69347,Enterprise,2024-02-26
CUST-0900,Nicole,Johnson,john21@example.net,001-581-896-0013x3890,South Bridget,MD,01352,Consumer,2025-09-03
CUST-0901,John,Henderson,eric51@example.org,(615)759-4078x1618,Lake Chad,CA,87174,Consumer,2024-01-31
CUST-0902,David,Miller,michellejames@example.com,+1-952-855-3419x2832,Veronicaside,NY,29286,Consumer,2025-06-14
CUST-0903,Lindsay,Parsons,lydiatrujillo@example.com,513-695-3767x242,Hurstfurt,MD,47948,Enterprise,2024-01-22
CUST-0904,Mark,Hicks,camposmichelle@example.org,+1-326-691-6697x8480,Danielchester,IL,21231,Consumer,2024-10-04
